"query";"previous_start";"previous_end";"previous_impressions";"previous_position";"current_start";"current_end";"current_impressions";"current_position";"current_clicks";"germany_current_impressions";"germany_current_position"
"webdesign halle";"2026-08-05";"2026-09-01";"110";"17.418181818181818";"2026-09-02";"2026-09-29";"97";"17.536082474226806";"0";"74";"17.2972972972973"
"wordpress agentur halle";"2026-08-05";"2026-09-01";"109";"22.38532110091743";"2026-09-02";"2026-09-29";"74";"20.66216216216216";"0";"71";"20.507042253521128"
"webdesigner halle saale";"2026-08-05";"2026-09-01";"65";"17.907692307692308";"2026-09-02";"2026-09-29";"40";"17.175";"0";"35";"17.4"
"seo halle";"2026-08-05";"2026-09-01";"1";"5";"2026-09-02";"2026-09-29";"39";"6.17948717948718";"0";"38";"6.2368421052631575"
"webdesign halle saale";"2026-08-05";"2026-09-01";"51";"18.254901960784313";"2026-09-02";"2026-09-29";"35";"17.485714285714284";"0";"33";"17.636363636363637"
"seo halle saale";"2026-08-05";"2026-09-01";"52";"16.01923076923077";"2026-09-02";"2026-09-29";"33";"14.454545454545455";"0";"31";"14.806451612903226"
"website erstellen lassen kleines unternehmen halle";"2026-08-05";"2026-09-01";"52";"11.634615384615385";"2026-09-02";"2026-09-29";"31";"11.258064516129032";"0";"27";"11.222222222222221"
"suchmaschinenoptimierung halle";"2026-08-05";"2026-09-01";"52";"20.23076923076923";"2026-09-02";"2026-09-29";"29";"21.689655172413794";"0";"29";"21.689655172413794"
"webagentur halle";"2026-08-05";"2026-09-01";"36";"16.52777777777778";"2026-09-02";"2026-09-29";"29";"16.517241379310345";"0";"28";"16.607142857142858"
"webdesign agentur saalekreis";"2026-08-05";"2026-09-01";"15";"17.066666666666666";"2026-09-02";"2026-09-29";"26";"14.615384615384615";"0";"26";"14.615384615384615"
"webdesign merseburg";"2026-08-05";"2026-09-01";"34";"15.294117647058824";"2026-09-02";"2026-09-29";"21";"16.42857142857143";"0";"21";"16.42857142857143"
"webdesigner halle";"2026-08-05";"2026-09-01";"21";"20.38095238095238";"2026-09-02";"2026-09-29";"21";"22.19047619047619";"0";"21";"22.19047619047619"
"digitalagentur halle";"2026-08-05";"2026-09-01";"2";"65";"2026-09-02";"2026-09-29";"12";"13.583333333333334";"0";"12";"13.583333333333334"
